game,source_url,url_id,view_model_page_id,current_actual_patch_date,correct_actual_patch_date,current_item_name,correct_item_name,post_date,post_date_source,inference_source,evidence_title_or_heading
나크,https://www.nightcrows.co.kr/news/release/71401,71401,36f3453a-cf42-8120-afe0-ce52d95e981a,2023-05-30,2023-05-31,23.05.31 | 패치노트,23.05.31 | 패치노트,2023-05-30,site_post_date,korean_title_month_day,240. 23.05.31 | 패치노트
나크,https://www.nightcrows.co.kr/news/release/221276,221276,36f3453a-cf42-81ce-86e5-de156f1dc1c1,2024-01-10,2024-01-11,24.01.11 | 패치노트,24.01.11 | 패치노트,2024-01-10,site_post_date,korean_title_month_day,208. 24.01.11 | 패치노트
나크,https://www.nightcrows.co.kr/news/release/222452,222452,36f3453a-cf42-8176-a6d2-e4b5011cca7f,2024-01-17,2024-01-18,24.01.18 | 패치노트,24.01.18 | 패치노트,2024-01-17,site_post_date,korean_title_month_day,207. 24.01.18 | 패치노트
나크,https://www.nightcrows.co.kr/news/release/224630,224630,36f3453a-cf42-81d0-a606-d0de33ef388a,2024-01-24,2024-01-25,24.01.25 | 패치노트,24.01.25 | 패치노트,2024-01-24,site_post_date,korean_title_month_day,206. 24.01.25 | 패치노트
나크,https://www.nightcrows.co.kr/news/release/225820,225820,36f3453a-cf42-812d-aea9-fab8a304562a,2024-01-31,2024-02-01,24.02.01 | 패치노트,24.02.01 | 패치노트,2024-01-31,site_post_date,korean_title_month_day,205. 24.02.01 | 패치노트
나크,https://www.nightcrows.co.kr/news/release/227801,227801,36f3453a-cf42-8175-9144-cc1ee837fe83,2024-02-06,2024-02-07,24.02.07 | 패치노트,24.02.07 | 패치노트,2024-02-06,site_post_date,korean_title_month_day,204. 24.02.07 | 패치노트
나크,https://www.nightcrows.co.kr/news/release/229882,229882,36f3453a-cf42-8103-960b-dbb70085d68e,2024-02-14,2024-02-15,24.02.15 | 패치노트,24.02.15 | 패치노트,2024-02-14,site_post_date,korean_title_month_day,203. 24.02.15 | 패치노트
나크,https://www.nightcrows.co.kr/news/release/231606,231606,36f3453a-cf42-81bc-8098-dd704a65342c,2024-02-21,2024-02-22,24.02.22 | 패치노트,24.02.22 | 패치노트,2024-02-21,site_post_date,korean_title_month_day,202. 24.02.22 | 패치노트
나크,https://www.nightcrows.co.kr/news/release/233145,233145,36f3453a-cf42-810d-acf6-cec437255fd4,2024-02-28,2024-02-29,24.02.29 | 패치노트,24.02.29 | 패치노트,2024-02-28,site_post_date,korean_title_month_day,201. 24.02.29 | 패치노트
나크,https://www.nightcrows.co.kr/news/release/234733,234733,36f3453a-cf42-8123-ad0b-d39022efbd5c,2024-03-06,2024-03-07,24.03.07 | 패치노트,24.03.07 | 패치노트,2024-03-06,site_post_date,korean_title_month_day,200. 24.03.07 | 패치노트
나크,https://www.nightcrows.co.kr/news/release/239377,239377,36f3453a-cf42-811d-a5d6-e4592798995e,2024-03-13,2024-03-14,24.03.14 | 패치노트,24.03.14 | 패치노트,2024-03-13,site_post_date,korean_title_month_day,199. 24.03.14 | 패치노트
나크,https://www.nightcrows.co.kr/news/release/248574,248574,36f3453a-cf42-818f-932c-edfdfe09f564,2024-03-20,2024-03-21,24.03.21 | 패치노트,24.03.21 | 패치노트,2024-03-20,site_post_date,korean_title_month_day,198. 24.03.21 | 패치노트
나크,https://www.nightcrows.co.kr/news/release/264645,264645,36f3453a-cf42-8162-9e68-e8dde5fcff30,2024-03-27,2024-03-28,24.03.28 | 패치노트,24.03.28 | 패치노트,2024-03-27,site_post_date,korean_title_month_day,197. 24.03.28 | 패치노트
나크,https://www.nightcrows.co.kr/news/release/276313,276313,36f3453a-cf42-8158-9b64-f4f5a30034a1,2024-04-03,2024-04-04,24.04.04 | 패치노트,24.04.04 | 패치노트,2024-04-03,site_post_date,korean_title_month_day,196. 24.04.04 | 패치노트
나크,https://www.nightcrows.co.kr/news/release/288203,288203,36f3453a-cf42-815c-9a7c-f123f55fb9e8,2024-04-10,2024-04-11,24.04.11 | 패치노트,24.04.11 | 패치노트,2024-04-10,site_post_date,korean_title_month_day,195. 24.04.11 | 패치노트
나크,https://www.nightcrows.co.kr/news/release/299488,299488,36f3453a-cf42-81fd-9a9f-fc18b6ba4abe,2024-04-17,2024-04-18,24.04.18 | 패치노트,24.04.18 | 패치노트,2024-04-17,site_post_date,korean_title_month_day,194. 24.04.18 | 패치노트
나크,https://www.nightcrows.co.kr/news/release/310523,310523,36f3453a-cf42-818b-b477-c67547a500c2,2024-04-24,2024-04-25,24.04.25 | 패치노트,24.04.25 | 패치노트,2024-04-24,site_post_date,korean_title_month_day,193. 24.04.25 | 패치노트
나크,https://www.nightcrows.co.kr/news/release/320266,320266,36f3453a-cf42-8117-8b7f-db5345d32ac8,2024-05-01,2024-05-02,24.05.02 | 패치노트,24.05.02 | 패치노트,2024-05-01,site_post_date,korean_title_month_day,192. 24.05.02 | 패치노트
나크,https://www.nightcrows.co.kr/news/release/328857,328857,36f3453a-cf42-81fa-8692-c21fa0bccf1a,2024-05-08,2024-05-09,24.05.09 | 패치노트,24.05.09 | 패치노트,2024-05-08,site_post_date,korean_title_month_day,191. 24.05.09 | 패치노트
나크,https://www.nightcrows.co.kr/news/release/336149,336149,36f3453a-cf42-819e-985d-fdb85279be98,2024-05-15,2024-05-16,24.05.16 | 패치노트,24.05.16 | 패치노트,2024-05-15,site_post_date,korean_title_month_day,190. 24.05.16 | 패치노트
나크,https://www.nightcrows.co.kr/news/release/344121,344121,36f3453a-cf42-8112-ad05-c349fd7e5046,2024-05-22,2024-05-23,24.05.23 | 패치노트,24.05.23 | 패치노트,2024-05-22,site_post_date,korean_title_month_day,189. 24.05.23 | 패치노트
나크,https://www.nightcrows.co.kr/news/release/351494,351494,36f3453a-cf42-81d1-9b38-d4a64095aa26,2024-05-29,2024-05-30,24.05.30 | 패치노트,24.05.30 | 패치노트,2024-05-29,site_post_date,korean_title_month_day,188. 24.05.30 | 패치노트
나크,https://www.nightcrows.co.kr/news/release/355665,355665,36f3453a-cf42-8171-ae53-c630fb5867ec,2024-06-04,2024-06-05,24.06.05 | 패치노트,24.06.05 | 패치노트,2024-06-04,site_post_date,korean_title_month_day,187. 24.06.05 | 패치노트
나크,https://www.nightcrows.co.kr/news/release/362740,362740,36f3453a-cf42-8137-9d91-e849d492f5ad,2024-06-12,2024-06-13,24.06.13 | 패치노트,24.06.13 | 패치노트,2024-06-12,site_post_date,korean_title_month_day,186. 24.06.13 | 패치노트
나크,https://www.nightcrows.co.kr/news/release/368511,368511,36f3453a-cf42-8134-ae4a-f1e9bd9ff2f6,2024-06-19,2024-06-20,24.06.20 | 패치노트,24.06.20 | 패치노트,2024-06-19,site_post_date,korean_title_month_day,185. 24.06.20 | 패치노트
나크,https://www.nightcrows.co.kr/news/release/376681,376681,36f3453a-cf42-81ab-be0b-d65285e9b85b,2024-06-26,2024-06-27,24.06.27 | 패치노트,24.06.27 | 패치노트,2024-06-26,site_post_date,korean_title_month_day,184. 24.06.27 | 패치노트
나크,https://www.nightcrows.co.kr/news/release/384589,384589,36f3453a-cf42-81cf-9a2e-f672579a6b6f,2024-07-03,2024-07-04,24.07.04 | 패치노트,24.07.04 | 패치노트,2024-07-03,site_post_date,korean_title_month_day,183. 24.07.04 | 패치노트
나크,https://www.nightcrows.co.kr/news/release/389551,389551,36f3453a-cf42-81b9-9af3-c68d8a020a50,2024-07-10,2024-07-11,24.07.11 | 패치노트,24.07.11 | 패치노트,2024-07-10,site_post_date,korean_title_month_day,182. 24.07.11 | 패치노트
나크,https://www.nightcrows.co.kr/news/release/393738,393738,36f3453a-cf42-8105-8cc8-c7cf830ca561,2024-07-17,2024-07-18,24.07.18 | 패치노트,24.07.18 | 패치노트,2024-07-17,site_post_date,korean_title_month_day,181. 24.07.18 | 패치노트
나크,https://www.nightcrows.co.kr/news/release/398974,398974,36f3453a-cf42-8186-8835-fcb7198a190d,2024-07-24,2024-07-25,24.07.25 | 패치노트,24.07.25 | 패치노트,2024-07-24,site_post_date,korean_title_month_day,180. 24.07.25 | 패치노트
나크,https://www.nightcrows.co.kr/news/release/402523,402523,36f3453a-cf42-8140-a651-c4f484f32a57,2024-07-31,2024-08-01,24.08.01 | 패치노트,24.08.01 | 패치노트,2024-07-31,site_post_date,korean_title_month_day,179. 24.08.01 | 패치노트
나크,https://www.nightcrows.co.kr/news/release/406057,406057,36f3453a-cf42-814c-9510-cbda56f027e4,2024-08-07,2024-08-08,24.08.08 | 패치노트,24.08.08 | 패치노트,2024-08-07,site_post_date,korean_title_month_day,178. 24.08.08 | 패치노트
나크,https://www.nightcrows.co.kr/news/release/408524,408524,36f3453a-cf42-81e1-984b-e7fb459b5b6c,2024-08-13,2024-08-14,24.08.14 | 패치노트,24.08.14 | 패치노트,2024-08-13,site_post_date,korean_title_month_day,177. 24.08.14 | 패치노트
나크,https://www.nightcrows.co.kr/news/release/408531,408531,36f3453a-cf42-8128-ad4e-fbc62f729e15,2024-08-21,2024-08-22,24.08.22 | 패치노트,24.08.22 | 패치노트,2024-08-21,site_post_date,korean_title_month_day,176. 24.08.22 | 패치노트
나크,https://www.nightcrows.co.kr/news/release/414185,414185,36f3453a-cf42-813c-9150-fe1b5d1c9fec,2024-08-28,2024-08-29,24.08.29 | 패치노트,24.08.29 | 패치노트,2024-08-28,site_post_date,korean_title_month_day,175. 24.08.29 | 패치노트
나크,https://www.nightcrows.co.kr/news/release/416892,416892,36f3453a-cf42-81b1-a908-c2f007fe3e6d,2024-09-04,2024-09-05,24.09.05 | 패치노트,24.09.05 | 패치노트,2024-09-04,site_post_date,korean_title_month_day,174. 24.09.05 | 패치노트
나크,https://www.nightcrows.co.kr/news/release/439752,439752,36f3453a-cf42-81ba-9b64-d714846a7e67,2024-09-11,2024-09-12,24.09.12 | 패치노트,24.09.12 | 패치노트,2024-09-11,site_post_date,korean_title_month_day,246. 24.09.12 | 패치노트
나크,https://www.nightcrows.co.kr/news/release/445788,445788,36f3453a-cf42-81df-b2e5-c7a6986d2322,2024-09-25,2024-09-26,24.09.26 | 패치노트,24.09.26 | 패치노트,2024-09-25,site_post_date,korean_title_month_day,173. 24.09.26 | 패치노트
나크,https://www.nightcrows.co.kr/news/release/451779,451779,36f3453a-cf42-81f3-912c-ff31917d8cd8,2024-10-09,2024-10-10,24.10.10 | 패치노트,24.10.10 | 패치노트,2024-10-09,site_post_date,korean_title_month_day,172. 24.10.10 | 패치노트
나크,https://www.nightcrows.co.kr/news/release/456839,456839,36f3453a-cf42-811b-823b-cb97ac7fe178,2024-10-16,2024-10-17,24.10.17 | 패치노트,24.10.17 | 패치노트,2024-10-16,site_post_date,korean_title_month_day,171. 24.10.17 | 패치노트
나크,https://www.nightcrows.co.kr/news/release/462624,462624,36f3453a-cf42-8115-84be-c6bd5a049933,2024-10-23,2024-10-24,24.10.24 | 패치노트,24.10.24 | 패치노트,2024-10-23,site_post_date,korean_title_month_day,170. 24.10.24 | 패치노트
나크,https://www.nightcrows.co.kr/news/release/466120,466120,36f3453a-cf42-819e-aaa0-e598cdbb7898,2024-10-30,2024-10-31,24.10.31 | 패치노트,24.10.31 | 패치노트,2024-10-30,site_post_date,korean_title_month_day,169. 24.10.31 | 패치노트
나크,https://www.nightcrows.co.kr/news/release/474078,474078,36f3453a-cf42-8199-9f67-c153d84bd270,2024-11-06,2024-11-07,24.11.07 | 패치노트,24.11.07 | 패치노트,2024-11-06,site_post_date,korean_title_month_day,168. 24.11.07 | 패치노트
나크,https://www.nightcrows.co.kr/news/release/478880,478880,36f3453a-cf42-81a8-93f0-fcbd0c45318f,2024-11-13,2024-11-14,24.11.14 | 패치노트,24.11.14 | 패치노트,2024-11-13,site_post_date,korean_title_month_day,167. 24.11.14 | 패치노트
나크,https://www.nightcrows.co.kr/news/release/482330,482330,36f3453a-cf42-81cd-b056-c15e02a270d3,2024-11-20,2024-11-21,24.11.21 | 패치노트,24.11.21 | 패치노트,2024-11-20,site_post_date,korean_title_month_day,166. 24.11.21 | 패치노트
나크,https://www.nightcrows.co.kr/news/release/485651,485651,36f3453a-cf42-8149-b5ad-d5061c7f2ac4,2024-11-27,2024-11-28,24.11.28 | 패치노트,24.11.28 | 패치노트,2024-11-27,site_post_date,korean_title_month_day,165. 24.11.28 | 패치노트
나크,https://www.nightcrows.co.kr/news/release/488593,488593,36f3453a-cf42-81a3-9102-d128fdb8ebf2,2024-12-04,2024-12-05,24.12.05 | 패치노트,24.12.05 | 패치노트,2024-12-04,site_post_date,korean_title_month_day,164. 24.12.05 | 패치노트
나크,https://www.nightcrows.co.kr/news/release/492737,492737,36f3453a-cf42-81a0-bddf-fad1c7c67d16,2024-12-11,2024-12-12,24.12.12 | 패치노트,24.12.12 | 패치노트,2024-12-11,site_post_date,korean_title_month_day,163. 24.12.12 | 패치노트
나크,https://www.nightcrows.co.kr/news/release/497671,497671,36f3453a-cf42-815d-b448-cbecb5bcf880,2024-12-18,2024-12-19,24.12.19 | 패치노트,24.12.19 | 패치노트,2024-12-18,site_post_date,korean_title_month_day,162. 24.12.19 | 패치노트
나크,https://www.nightcrows.co.kr/news/release/504474,504474,36f3453a-cf42-819b-a333-e112305fedfa,2024-12-25,2024-12-26,24.12.26 | 패치노트,24.12.26 | 패치노트,2024-12-25,site_post_date,korean_title_month_day,161. 24.12.26 | 패치노트
나크,https://www.nightcrows.co.kr/news/release/511724,511724,36f3453a-cf42-8168-a5a5-d33701527eda,2025-01-01,2025-01-02,25.01.02 | 패치노트,25.01.02 | 패치노트,2025-01-01,site_post_date,korean_title_month_day,160. 25.01.02 | 패치노트
나크,https://www.nightcrows.co.kr/news/release/516802,516802,36f3453a-cf42-81ae-a906-f133934abf6e,2025-01-08,2025-01-09,25.01.09 | 패치노트,25.01.09 | 패치노트,2025-01-08,site_post_date,korean_title_month_day,159. 25.01.09 | 패치노트
나크,https://www.nightcrows.co.kr/news/release/518465,518465,36f3453a-cf42-810a-a60f-cf8c074996fe,2025-01-15,2025-01-16,25.01.16 | 패치노트,25.01.16 | 패치노트,2025-01-15,site_post_date,korean_title_month_day,158. 25.01.16 | 패치노트
나크,https://www.nightcrows.co.kr/news/release/520261,520261,36f3453a-cf42-81e5-862f-d222d4a01fa6,2025-01-22,2025-01-23,25.01.23 | 패치노트,25.01.23 | 패치노트,2025-01-22,site_post_date,korean_title_month_day,157. 25.01.23 | 패치노트
나크,https://www.nightcrows.co.kr/news/release/522556,522556,36f3453a-cf42-81be-8ac4-e239eb610b59,2025-02-05,2025-02-06,25.02.06 | 패치노트,25.02.06 | 패치노트,2025-02-05,site_post_date,korean_title_month_day,156. 25.02.06 | 패치노트
나크,https://www.nightcrows.co.kr/news/release/523825,523825,36f3453a-cf42-81ff-9c4c-fde0b3ffa188,2025-02-12,2025-02-13,25.02.13 | 패치노트,25.02.13 | 패치노트,2025-02-12,site_post_date,korean_title_month_day,155. 25.02.13 | 패치노트
나크,https://www.nightcrows.co.kr/news/release/525978,525978,36f3453a-cf42-819d-a553-db7ae39afa85,2025-02-19,2025-02-20,25.02.20 | 패치노트,25.02.20 | 패치노트,2025-02-19,site_post_date,korean_title_month_day,154. 25.02.20 | 패치노트
나크,https://www.nightcrows.co.kr/news/release/538372,538372,36f3453a-cf42-81b3-8015-c50691eea60e,2025-02-26,2025-02-27,25.02.27 | 패치노트,25.02.27 | 패치노트,2025-02-26,site_post_date,korean_title_month_day,153. 25.02.27 | 패치노트
나크,https://www.nightcrows.co.kr/news/release/554404,554404,36f3453a-cf42-8124-8093-f34b5205230d,2025-03-05,2025-03-06,25.03.06 | 패치노트,25.03.06 | 패치노트,2025-03-05,site_post_date,korean_title_month_day,152. 25.03.06 | 패치노트
나크,https://www.nightcrows.co.kr/news/release/565493,565493,36f3453a-cf42-81a2-9d2c-c5db724434c7,2025-03-12,2025-03-13,25.03.13 | 패치노트,25.03.13 | 패치노트,2025-03-12,site_post_date,korean_title_month_day,151. 25.03.13 | 패치노트
나크,https://www.nightcrows.co.kr/news/release/573040,573040,36f3453a-cf42-8159-8c93-e4c7fcadc197,2025-03-19,2025-03-20,25.03.20 | 패치노트,25.03.20 | 패치노트,2025-03-19,site_post_date,korean_title_month_day,150. 25.03.20 | 패치노트
나크,https://www.nightcrows.co.kr/news/release/577607,577607,36f3453a-cf42-8173-9708-c9c6e0d3da62,2025-03-26,2025-03-27,25.03.27 | 패치노트,25.03.27 | 패치노트,2025-03-26,site_post_date,korean_title_month_day,149. 25.03.27 | 패치노트
나크,https://www.nightcrows.co.kr/news/release/580970,580970,36f3453a-cf42-8116-98f7-dfa91899a69b,2025-04-02,2025-04-03,25.04.03 | 패치노트,25.04.03 | 패치노트,2025-04-02,site_post_date,korean_title_month_day,148. 25.04.03 | 패치노트
나크,https://www.nightcrows.co.kr/news/release/586243,586243,36f3453a-cf42-81c0-a438-dd8f376feae5,2025-04-09,2025-04-10,25.04.10 | 패치노트,25.04.10 | 패치노트,2025-04-09,site_post_date,korean_title_month_day,147. 25.04.10 | 패치노트
나크,https://www.nightcrows.co.kr/news/release/589474,589474,36f3453a-cf42-8116-9058-c99b8d772539,2025-04-16,2025-04-17,25.04.17 | 패치노트,25.04.17 | 패치노트,2025-04-16,site_post_date,korean_title_month_day,146. 25.04.17 | 패치노트
나크,https://www.nightcrows.co.kr/news/release/591422,591422,36f3453a-cf42-813c-bb77-f9dfacb3be3d,2025-04-23,2025-04-24,25.04.24 | 패치노트,25.04.24 | 패치노트,2025-04-23,site_post_date,korean_title_month_day,145. 25.04.24 | 패치노트
나크,https://www.nightcrows.co.kr/news/release/596673,596673,36f3453a-cf42-8139-be5a-dd332f2b1105,2025-04-29,2025-04-30,25.04.30 | 패치노트,25.04.30 | 패치노트,2025-04-29,site_post_date,korean_title_month_day,144. 25.04.30 | 패치노트
나크,https://www.nightcrows.co.kr/news/release/599442,599442,36f3453a-cf42-81c6-a2d5-d04f0ae7e9cc,2025-05-07,2025-05-08,25.05.08 | 패치노트,25.05.08 | 패치노트,2025-05-07,site_post_date,korean_title_month_day,143. 25.05.08 | 패치노트
나크,https://www.nightcrows.co.kr/news/release/602193,602193,36f3453a-cf42-8132-a8f0-f01c3d955cd9,2025-05-14,2025-05-15,25.05.15 | 패치노트,25.05.15 | 패치노트,2025-05-14,site_post_date,korean_title_month_day,142. 25.05.15 | 패치노트
나크,https://www.nightcrows.co.kr/news/release/604204,604204,36f3453a-cf42-81c4-a7f9-eba2688e0fef,2025-05-21,2025-05-22,25.05.22 | 패치노트,25.05.22 | 패치노트,2025-05-21,site_post_date,korean_title_month_day,141. 25.05.22 | 패치노트
나크,https://www.nightcrows.co.kr/news/release/607481,607481,36f3453a-cf42-810b-b10e-d4a3738e20ae,2025-05-28,2025-05-29,25.05.29 | 패치노트,25.05.29 | 패치노트,2025-05-28,site_post_date,korean_title_month_day,140. 25.05.29 | 패치노트
나크,https://www.nightcrows.co.kr/news/release/609636,609636,36f3453a-cf42-8163-81f3-d00ad1a19483,2025-06-04,2025-06-05,25.06.05 | 패치노트,25.06.05 | 패치노트,2025-06-04,site_post_date,korean_title_month_day,139. 25.06.05 | 패치노트
나크,https://www.nightcrows.co.kr/news/release/611672,611672,36f3453a-cf42-8193-af31-f6fedff94a7a,2025-06-11,2025-06-12,25.06.12 | 패치노트,25.06.12 | 패치노트,2025-06-11,site_post_date,korean_title_month_day,138. 25.06.12 | 패치노트
나크,https://www.nightcrows.co.kr/news/release/613647,613647,36f3453a-cf42-8190-99bc-f944c1d1b1fb,2025-06-18,2025-06-19,25.06.19 | 패치노트,25.06.19 | 패치노트,2025-06-18,site_post_date,korean_title_month_day,137. 25.06.19 | 패치노트
나크,https://www.nightcrows.co.kr/news/release/615526,615526,36f3453a-cf42-8150-8a7c-cc072b9b0933,2025-06-25,2025-06-26,25.06.26 | 패치노트,25.06.26 | 패치노트,2025-06-25,site_post_date,korean_title_month_day,136. 25.06.26 | 패치노트
나크,https://www.nightcrows.co.kr/news/release/616447,616447,36f3453a-cf42-8115-a76a-c7718b783c71,2025-07-02,2025-07-03,25.07.03 | 패치노트,25.07.03 | 패치노트,2025-07-02,site_post_date,korean_title_month_day,135. 25.07.03 | 패치노트
나크,https://www.nightcrows.co.kr/news/release/618438,618438,36f3453a-cf42-8137-990d-e5e06e60cbb7,2025-07-09,2025-07-10,25.07.10 | 패치노트,25.07.10 | 패치노트,2025-07-09,site_post_date,korean_title_month_day,134. 25.07.10 | 패치노트
나크,https://www.nightcrows.co.kr/news/release/620039,620039,36f3453a-cf42-81bf-b394-c4ae5b37fa69,2025-07-16,2025-07-17,25.07.17 | 패치노트,25.07.17 | 패치노트,2025-07-16,site_post_date,korean_title_month_day,133. 25.07.17 | 패치노트
나크,https://www.nightcrows.co.kr/news/release/620690,620690,36f3453a-cf42-81dc-aa1f-db2e1737a3e8,2025-07-23,2025-07-24,25.07.24 | 패치노트,25.07.24 | 패치노트,2025-07-23,site_post_date,korean_title_month_day,132. 25.07.24 | 패치노트
나크,https://www.nightcrows.co.kr/news/release/626227,626227,36f3453a-cf42-8107-ab28-d419cf037750,2025-07-30,2025-07-31,25.07.31 | 패치노트,25.07.31 | 패치노트,2025-07-30,site_post_date,korean_title_month_day,131. 25.07.31 | 패치노트
나크,https://www.nightcrows.co.kr/news/release/628435,628435,36f3453a-cf42-8104-b234-c3762712a8cb,2025-08-06,2025-08-07,25.08.07 | 패치노트,25.08.07 | 패치노트,2025-08-06,site_post_date,korean_title_month_day,130. 25.08.07 | 패치노트
나크,https://www.nightcrows.co.kr/news/release/629994,629994,36f3453a-cf42-8137-9709-c9f69b86237e,2025-08-13,2025-08-14,25.08.14 | 패치노트,25.08.14 | 패치노트,2025-08-13,site_post_date,korean_title_month_day,129. 25.08.14 | 패치노트
나크,https://www.nightcrows.co.kr/news/release/642485,642485,36f3453a-cf42-81f8-a3d0-f7e113e5e6c4,2025-08-20,2025-08-21,25.08.21 | 패치노트,25.08.21 | 패치노트,2025-08-20,site_post_date,korean_title_month_day,128. 25.08.21 | 패치노트
나크,https://www.nightcrows.co.kr/news/release/644314,644314,36f3453a-cf42-8166-8d78-e04de17a1184,2025-08-27,2025-08-28,25.08.28 | 패치노트,25.08.28 | 패치노트,2025-08-27,site_post_date,korean_title_month_day,127. 25.08.28 | 패치노트
나크,https://www.nightcrows.co.kr/news/release/647063,647063,36f3453a-cf42-8181-9a1b-d8aacd2e6b42,2025-09-03,2025-09-04,25.09.04 | 패치노트,25.09.04 | 패치노트,2025-09-03,site_post_date,korean_title_month_day,126. 25.09.04 | 패치노트
나크,https://www.nightcrows.co.kr/news/release/649022,649022,36f3453a-cf42-814d-bea3-d7be5b60ec56,2025-09-10,2025-09-11,25.09.11 | 패치노트,25.09.11 | 패치노트,2025-09-10,site_post_date,korean_title_month_day,125. 25.09.11 | 패치노트
나크,https://www.nightcrows.co.kr/news/release/650207,650207,36f3453a-cf42-8193-9391-f67336bbc27f,2025-09-17,2025-09-18,25.09.18 | 패치노트,25.09.18 | 패치노트,2025-09-17,site_post_date,korean_title_month_day,124. 25.09.18 | 패치노트
나크,https://www.nightcrows.co.kr/news/release/651407,651407,36f3453a-cf42-814d-8769-edbbb75f5562,2025-09-24,2025-09-25,25.09.25 | 패치노트,25.09.25 | 패치노트,2025-09-24,site_post_date,korean_title_month_day,123. 25.09.25 | 패치노트
나크,https://www.nightcrows.co.kr/news/release/652515,652515,36f3453a-cf42-81e2-a6cf-c86b91dc3776,2025-10-01,2025-10-02,25.10.02 | 패치노트,25.10.02 | 패치노트,2025-10-01,site_post_date,korean_title_month_day,122. 25.10.02 | 패치노트
나크,https://www.nightcrows.co.kr/news/release/654681,654681,36f3453a-cf42-8169-8e59-efd008f7ff01,2025-10-15,2025-10-16,25.10.16 | 패치노트,25.10.16 | 패치노트,2025-10-15,site_post_date,korean_title_month_day,121. 25.10.16 | 패치노트
나크,https://www.nightcrows.co.kr/news/release/655961,655961,36f3453a-cf42-81bb-9354-f2202c133ea8,2025-10-22,2025-10-23,25.10.23 | 패치노트,25.10.23 | 패치노트,2025-10-22,site_post_date,korean_title_month_day,120. 25.10.23 | 패치노트
나크,https://www.nightcrows.co.kr/news/release/658299,658299,36f3453a-cf42-8197-8a0e-f39c733604b3,2025-10-29,2025-10-30,25.10.30 | 패치노트,25.10.30 | 패치노트,2025-10-29,site_post_date,korean_title_month_day,119. 25.10.30 | 패치노트
나크,https://www.nightcrows.co.kr/news/release/665626,665626,36f3453a-cf42-819a-8ad4-c72ec19d5e82,2025-11-05,2025-11-06,25.11.06 | 패치노트,25.11.06 | 패치노트,2025-11-05,site_post_date,korean_title_month_day,118. 25.11.06 | 패치노트
나크,https://www.nightcrows.co.kr/news/release/671210,671210,36f3453a-cf42-810b-9565-cf0a77bf4fbf,2025-11-12,2025-11-13,25.11.13 | 패치노트,25.11.13 | 패치노트,2025-11-12,site_post_date,korean_title_month_day,117. 25.11.13 | 패치노트
나크,https://www.nightcrows.co.kr/news/release/677786,677786,36f3453a-cf42-813f-8bfa-ffb6ddfb1e03,2025-11-19,2025-11-20,25.11.20 | 패치노트,25.11.20 | 패치노트,2025-11-19,site_post_date,korean_title_month_day,116. 25.11.20 | 패치노트
나크,https://www.nightcrows.co.kr/news/release/686157,686157,36f3453a-cf42-8144-9cf8-fa7d953d1d53,2025-11-26,2025-11-27,25.11.27 | 패치노트,25.11.27 | 패치노트,2025-11-26,site_post_date,korean_title_month_day,115. 25.11.27 | 패치노트
나크,https://www.nightcrows.co.kr/news/release/689218,689218,36f3453a-cf42-81be-a92e-ccf921e8008f,2025-12-03,2025-12-04,25.12.04 | 패치노트,25.12.04 | 패치노트,2025-12-03,site_post_date,korean_title_month_day,114. 25.12.04 | 패치노트
나크,https://www.nightcrows.co.kr/news/release/691849,691849,36f3453a-cf42-8183-b073-cb58cc80eebe,2025-12-10,2025-12-11,25.12.11 | 패치노트,25.12.11 | 패치노트,2025-12-10,site_post_date,korean_title_month_day,113. 25.12.11 | 패치노트
나크,https://www.nightcrows.co.kr/news/release/695432,695432,36f3453a-cf42-810d-b1be-ea1507568541,2025-12-17,2025-12-18,25.12.18 | 패치노트,25.12.18 | 패치노트,2025-12-17,site_post_date,korean_title_month_day,112. 25.12.18 | 패치노트
나크,https://www.nightcrows.co.kr/news/release/699092,699092,36f3453a-cf42-816f-8772-e410ecd96695,2025-12-23,2025-12-24,25.12.24 | 패치노트,25.12.24 | 패치노트,2025-12-23,site_post_date,korean_title_month_day,111. 25.12.24 | 패치노트
나크,https://www.nightcrows.co.kr/news/release/704598,704598,36f3453a-cf42-8172-89e9-f1448676359d,2026-01-07,2026-01-08,26.01.08 | 패치노트,26.01.08 | 패치노트,2026-01-07,site_post_date,korean_title_month_day,110. 26.01.08 | 패치노트
나크,https://www.nightcrows.co.kr/news/release/706580,706580,36f3453a-cf42-8153-ad0b-cbfc6f609348,2026-01-14,2026-01-15,26.01.15 | 패치노트,26.01.15 | 패치노트,2026-01-14,site_post_date,korean_title_month_day,109. 26.01.15 | 패치노트
나크,https://www.nightcrows.co.kr/news/release/708864,708864,36f3453a-cf42-81e4-884f-e90c5a0e72f3,2026-01-21,2026-01-22,26.01.22 | 패치노트,26.01.22 | 패치노트,2026-01-21,site_post_date,korean_title_month_day,108. 26.01.22 | 패치노트
나크,https://www.nightcrows.co.kr/news/release/710480,710480,36f3453a-cf42-8195-afab-c24e66c9e404,2026-01-28,2026-01-29,26.01.29 | 패치노트,26.01.29 | 패치노트,2026-01-28,site_post_date,korean_title_month_day,107. 26.01.29 | 패치노트
나크,https://www.nightcrows.co.kr/news/release/712722,712722,36f3453a-cf42-8128-a14c-e4fbc355c213,2026-02-04,2026-02-05,26.02.05 | 패치노트,26.02.05 | 패치노트,2026-02-04,site_post_date,korean_title_month_day,106. 26.02.05 | 패치노트
나크,https://www.nightcrows.co.kr/news/release/714932,714932,36f3453a-cf42-81cc-b1a7-c8806714be5e,2026-02-11,2026-02-12,26.02.12 | 패치노트,26.02.12 | 패치노트,2026-02-11,site_post_date,korean_title_month_day,105. 26.02.12 | 패치노트
나크,https://www.nightcrows.co.kr/news/release/717486,717486,36f3453a-cf42-810d-a4fc-d2d8d2724660,2026-02-25,2026-02-26,26.02.26 | 패치노트,26.02.26 | 패치노트,2026-02-25,site_post_date,korean_title_month_day,104. 26.02.26 | 패치노트
나크,https://www.nightcrows.co.kr/news/release/718730,718730,36f3453a-cf42-81ce-8b34-c2f29a279983,2026-03-04,2026-03-05,26.03.05 | 패치노트,26.03.05 | 패치노트,2026-03-04,site_post_date,korean_title_month_day,103. 26.03.05 | 패치노트
나크,https://www.nightcrows.co.kr/news/release/720271,720271,36f3453a-cf42-81a6-a8a2-dd7ee9b886a7,2026-03-11,2026-03-12,26.03.12 | 패치노트,26.03.12 | 패치노트,2026-03-11,site_post_date,korean_title_month_day,102. 26.03.12 | 패치노트
나크,https://www.nightcrows.co.kr/news/release/721785,721785,36f3453a-cf42-81db-8b8a-d4b9a1f94e92,2026-03-18,2026-03-19,26.03.19 | 패치노트,26.03.19 | 패치노트,2026-03-18,site_post_date,korean_title_month_day,101. 26.03.19 | 패치노트
나크,https://www.nightcrows.co.kr/news/release/723461,723461,36f3453a-cf42-8104-9c3c-e0f7a717923d,2026-03-25,2026-03-26,26.03.26 | 패치노트,26.03.26 | 패치노트,2026-03-25,site_post_date,korean_title_month_day,100. 26.03.26 | 패치노트
나크,https://www.nightcrows.co.kr/news/release/724994,724994,36f3453a-cf42-8116-bcb9-db8549d587e0,2026-04-01,2026-04-02,26.04.02 | 패치노트,26.04.02 | 패치노트,2026-04-01,site_post_date,korean_title_month_day,99. 26.04.02 | 패치노트
나크,https://www.nightcrows.co.kr/news/release/726856,726856,36f3453a-cf42-81e1-92bf-f1f5381bd96a,2026-04-08,2026-04-09,26.04.09 | 패치노트,26.04.09 | 패치노트,2026-04-08,site_post_date,korean_title_month_day,98. 26.04.09 | 패치노트
나크,https://www.nightcrows.co.kr/news/release/729074,729074,36f3453a-cf42-81bd-aba4-cf993faead76,2026-04-15,2026-04-16,26.04.16 | 패치노트,26.04.16 | 패치노트,2026-04-15,site_post_date,korean_title_month_day,97. 26.04.16 | 패치노트
나크,https://www.nightcrows.co.kr/news/release/729360,729360,36f3453a-cf42-8187-aa1e-e6c505dd392c,2026-04-22,2026-04-23,26.04.23 | 패치노트,26.04.23 | 패치노트,2026-04-22,site_post_date,korean_title_month_day,96. 26.04.23 | 패치노트
나크,https://www.nightcrows.co.kr/news/release/734181,734181,36f3453a-cf42-8163-96be-c8dcaff1b195,2026-04-29,2026-04-30,26.04.30 | 패치노트,26.04.30 | 패치노트,2026-04-29,site_post_date,korean_title_month_day,95. 26.04.30 | 패치노트
나크,https://www.nightcrows.co.kr/news/release/735423,735423,36f3453a-cf42-816c-8ddd-ed389a646930,2026-05-06,2026-05-07,26.05.07 | 패치노트,26.05.07 | 패치노트,2026-05-06,site_post_date,korean_title_month_day,94. 26.05.07 | 패치노트
나크,https://www.nightcrows.co.kr/news/release/736812,736812,36f3453a-cf42-811a-ad90-f19af9f964dd,2026-05-13,2026-05-14,26.05.14 | 패치노트,26.05.14 | 패치노트,2026-05-13,site_post_date,korean_title_month_day,93. 26.05.14 | 패치노트
나크,https://www.nightcrows.co.kr/news/release/738211,738211,36f3453a-cf42-812a-affc-d896a63c37f9,2026-05-20,2026-05-21,26.05.21 | 패치노트,26.05.21 | 패치노트,2026-05-20,site_post_date,korean_title_month_day,92. 26.05.21 | 패치노트
오딘,https://m.cafe.daum.net/odin/DEH7/23,23,36f3453a-cf42-8176-b73a-fcaf4e69f482,2022-12-08,2021-12-08,22.12.08 | 업데이트,21.12.08 | 업데이트,2021-12-07,작성시간,slash_title_month_day,230. 22.12.08 | 업데이트
오딘,https://m.cafe.daum.net/odin/DEH7/26,26,36f3453a-cf42-81b8-ab4a-e095d8765f60,2022-12-29,2021-12-29,22.12.29 | 업데이트,21.12.29 | 업데이트,2021-12-28,작성시간,slash_title_month_day,227. 22.12.29 | 업데이트
오딘,https://m.cafe.daum.net/odin/DEH7/74,74,36f3453a-cf42-81b5-8e43-e41b55e4e3ea,2023-12-07,2022-12-07,23.12.07 | 업데이트,22.12.07 | 업데이트,2022-12-06,작성시간,slash_title_month_day,181. 23.12.07 | 업데이트
오딘,https://m.cafe.daum.net/odin/DEH7/76,76,36f3453a-cf42-816e-9c0b-e3288944f538,2023-12-21,2022-12-21,23.12.21 | 업데이트,22.12.21 | 업데이트,2022-12-21,작성시간,slash_title_month_day,179. 23.12.21 | 업데이트
오딘,https://m.cafe.daum.net/odin/DEH7/80,80,36f3453a-cf42-819f-b157-c884dbf5169c,2022-01-11,2023-01-11,22.01.11 | 업데이트,23.01.11 | 업데이트,2023-01-10,작성시간,slash_title_month_day,176. 22.01.11 | 업데이트
오딘,https://m.cafe.daum.net/odin/DEH7/82,82,36f3453a-cf42-8192-a2dc-d9fe54e7bfda,2022-01-26,2023-01-26,22.01.26 | 업데이트,23.01.26 | 업데이트,2023-01-25,작성시간,slash_title_month_day,174. 22.01.26 | 업데이트
오딘,https://m.cafe.daum.net/odin/DEH7/88,88,36f3453a-cf42-81c7-96d9-d60d429c8869,2022-03-08,2023-03-08,22.03.08 | 업데이트,23.03.08 | 업데이트,2023-03-07,작성시간,slash_title_month_day,168. 22.03.08 | 업데이트
오딘,https://m.cafe.daum.net/odin/DEH7/123,123,36f3453a-cf42-81f2-b833-e5ec7ca2de0a,2024-11-08,2023-11-08,24.11.08 | 업데이트,23.11.08 | 업데이트,2023-11-07,작성시간,slash_title_month_day,133. 24.11.08 | 업데이트
오딘,https://m.cafe.daum.net/odin/DEH7/127,127,36f3453a-cf42-81e7-89df-e7b30bfaa7db,2024-12-06,2023-12-06,24.12.06 | 업데이트,23.12.06 | 업데이트,2023-12-05,작성시간,slash_title_month_day,129. 24.12.06 | 업데이트
오딘,https://m.cafe.daum.net/odin/DEH7/129,129,36f3453a-cf42-81b5-8966-fae35793d697,2024-12-20,2023-12-20,24.12.20 | 업데이트,23.12.20 | 업데이트,2023-12-19,작성시간,slash_title_month_day,127. 24.12.20 | 업데이트
오딘,https://m.cafe.daum.net/odin/DEH7/147,147,36f3453a-cf42-8131-aa97-dc497d3aabc2,2024-06-19,2024-04-24,24.06.19 | 업데이트,24.04.24 | 업데이트,2024-04-23,작성시간,slash_title_month_day,109. 24.06.19 | 업데이트
오딘,https://m.cafe.daum.net/odin/DEH7/176,176,36f3453a-cf42-811c-bf1f-f84d122ae7bd,2025-11-13,2024-11-13,25.11.13 | 업데이트,24.11.13 | 업데이트,2024-11-12,작성시간,slash_title_month_day,80. 25.11.13 | 업데이트
오딘,https://m.cafe.daum.net/odin/DEH7/180,180,36f3453a-cf42-81e2-82db-fc9c884959be,2025-12-11,2024-12-11,25.12.11 | 업데이트,24.12.11 | 업데이트,2024-12-10,작성시간,slash_title_month_day,76. 25.12.11 | 업데이트
오딘,https://m.cafe.daum.net/odin/DEH7/181,181,36f3453a-cf42-8174-9ae6-fed203276dd5,2025-12-18,2024-12-18,25.12.18 | 업데이트,24.12.18 | 업데이트,2024-12-17,작성시간,slash_title_month_day,75. 25.12.18 | 업데이트
오딘,https://m.cafe.daum.net/odin/DEH7/183,183,36f3453a-cf42-8113-b6bf-da68602d2258,2024-01-01,2025-01-01,24.01.01 | 업데이트,25.01.01 | 업데이트,2024-12-31,작성시간,slash_title_month_day,73. 24.01.01 | 업데이트
오딘,https://m.cafe.daum.net/odin/DEH7/229,229,36f3453a-cf42-8103-bf29-ec7ac14a65fa,2026-11-12,2025-11-12,26.11.12 | 업데이트,25.11.12 | 업데이트,2025-11-11,작성시간,slash_title_month_day,28. 26.11.12 | 업데이트
오딘,https://m.cafe.daum.net/odin/DEH7/236,236,36f3453a-cf42-8121-b78f-d2a2e0c2969f,2026-12-31,2025-12-31,26.12.31 | 업데이트,25.12.31 | 업데이트,2025-12-30,작성시간,slash_title_month_day,21. 26.12.31 | 업데이트
